create database aurora;
use aurora;
create table alumnes (
    matricula int(8) NOT NULL PRIMARY KEY,
    correu_alu varchar(35) NOT NULL,
    nom_alu varchar(20) NOT NULL,
    1rCognom_alu varchar(25) NOT NULL,
    2nCognom_alu varchar(25) NULL,
    adreça_alu varchar(45) NOT NULL,
    telefon_alu char(9) NOT NULL,
    DNI_alu char(8) NOT NULL,
    id_curs int(2) NOT NULL
);

create table professor (
    num_SS_prof bigint(12) NOT NULL PRIMARY KEY,
    nom_prof varchar(20) NOT NULL,
    1rCognom_prof varchar(25) NOT NULL,
    2nCognom_prof varchar(25) NULL,
    adreça_prof varchar(45) NOT NULL,
    telefon_prof char(9) NOT NULL,
    DNI_prof char(8) NOT NULL,
    correu_prof varchar(35) NOT NULL
);

-- Hacía falta meter Bigint debido a que int tiene rango hasta el 2,147,483,647 hasta el número

create table materia (
    id_materia int(4) NOT NULL PRIMARY KEY auto_increment,
    nom_materia varchar(80) NOT NULL,
    id_curs int(2) NOT NULL,
    num_SS_prof bigint(12) NOT NULL
);

create table curs (
    id_curs int(2) NOT NULL PRIMARY KEY auto_increment,
    horario set("Mañana","Tarde"),
    nom_curs varchar(50) NOT NULL,
    id_aula int(3) NOT NULL
);

create table aula (
    id_aula int(3) NOT NULL PRIMARY KEY,
    pis_aula int(1) NOT NULL
);

create table ensenyament (
    id_ensenyament int(2) NOT NULL PRIMARY KEY auto_increment,
    matricula int(8) NOT NULL,
    num_SS_prof bigint(12) NOT NULL
);


create table alu_materia (
    id_alumateria int(4) NOT NULL PRIMARY KEY auto_increment,
    matricula int(8) NOT NULL,
    id_materia int(4) NOT NULL
);

ALTER TABLE alumnes ADD CONSTRAINT fk_alumne_curso FOREIGN KEY (id_curs) REFERENCES curs(id_curs);
ALTER TABLE materia ADD CONSTRAINT fk_materia_curso FOREIGN KEY (id_curs) REFERENCES curs(id_curs);
ALTER TABLE materia ADD CONSTRAINT fk_materia_prof FOREIGN KEY (num_SS_prof) REFERENCES professor(num_SS_prof);
ALTER TABLE curs ADD CONSTRAINT fk_curs_aula FOREIGN KEY (id_aula) REFERENCES aula(id_aula);
ALTER TABLE ensenyament ADD CONSTRAINT fk_ensenyament_aula FOREIGN KEY (matricula) REFERENCES alumnes(matricula);
ALTER TABLE ensenyament ADD CONSTRAINT fk_ensenyament_prof FOREIGN KEY (num_SS_prof) REFERENCES professor(num_SS_prof);
ALTER TABLE alu_materia ADD CONSTRAINT fk_alu_matricula FOREIGN KEY (matricula) REFERENCES alumnes(matricula);
ALTER TABLE alu_materia ADD CONSTRAINT fk_alu_materia FOREIGN KEY (id_materia) REFERENCES materia(id_materia);


INSERT INTO aula VALUES
(101,1),
(102,1),
(103,1),
(105,1),
(106,1),
(202,2),
(205,2);

INSERT INTO curs (horario,nom_curs,id_aula) VALUES
("Mañana","SMX1",101),
("Tarde","SMX2",102),
("Mañana","ASIX1",103),
("Mañana","ASIX2",105),
("Tarde","DAW2",106),
("Mañana","EAS1",202),
("Tarde","EAS2",205);

INSERT INTO professor VALUES
(521472186091, 'Juan', 'Martínez', 'García', 'Carrer Juan Pablo II, 25', 658563678, 24345678,'jmartinez@aurora.edu'),
(836542603425, 'María', 'López', 'Fernández', 'Av. Folc, 4', 617595662, 63466789,'mlopez@aurora.edu'),
(372549815129, 'Pedro', 'Sánchez', 'Rodríguez', 'Carrer Servet, 19', 612445784, 74567791,'psanchez@aurora.edu'),
(682791054066, 'Laura', 'González', 'Hernández', 'Av. Amèrica, 10', 632347633, 55978820, 'lgonzalez@aurora.edu'),
(225431875943, 'Carlos', 'Romero', 'Jiménez', 'Av. Europa, 55', 66943689, 56717412, 'cromero@aurora.edu'),
(478642902678, 'Ana', 'Torres', 'Pérez', 'Av. Diagonal, 19', 66745763, 45879723, 'atorres@aurora.edu'),
(906587431275, 'Sergio', 'Ortega', 'Navarro', 'Carrer Sergonya, 32', 612345684, 48165254, 'sortega@aurora.edu'),
(597310968424, 'Elena', 'Molina', 'Ramos', 'Av. del Militar, 10', 611345681, 49118849, 'emolina@aurora.edu'),
(739827501648, 'David', 'Vargas', 'Gómez', 'Via Angustia, 33', 623155683, 41123451, 'dvargas@aurora.edu'),
(165832709746, 'Marina', 'Ruiz', 'López', 'Av. Pigtort, 14', 645745631, 48834862, 'mruiz@aurora.edu');

INSERT INTO materia (nom_materia,id_curs,num_SS_prof) VALUES 
-- SMX1
('M2 Sistemes Operatius',1,521472186091),
('M5 Administración de Redes',1,682791054066),
('M3 Llenguatge de Marques',1,225431875943),
('Tutoria',1,521472186091),
-- SMX2
('M2 Sistemes Operatius',2,906587431275),
('M5 Administración de Redes',2,478642902678),
('M3 Llenguatge de Marques',2,372549815129),
('Tutoria',2,906587431275),
-- ASIX1
('M1 Sistemes Operatius',3,521472186091),
('M2 Gestió de Bases de Dades',3,836542603425),
('M4 Llenguatge de Marques',3,225431875943),
('Tutoria',3,836542603425),
-- ASIX2
('M1 Sistemes Operatius',4,906587431275),
('M2 Gestió de bases de dades',4,478642902678),
('M4 Llenguatge de Marques',4,225431875943),
('Tutoria',4,372549815129),
-- DAW2
('M1 Arquitectura de software',5,906587431275),
('M3 Programació Avançada',5,372549815129),
('M9 Desarrollo de aplicaciones móviles',5,372549815129),
('Tutoria',5,906587431275),
-- EAS1
('RP1 Projecte Final',6,597310968424),
('SM4 Àngles',6,739827501648),
('Fútbol',6,597310968424),
('Tutoria',6,597310968424),
-- EAS2
('Projecte Final',7,165832709746),
('Bàdminton',7,165832709746),
('Fútbol',7,739827501648),
('Tutoria',7,739827501648);

INSERT INTO alumnes VALUES
(72394857, '72394857@aurora.edu', 'Pablo', 'García', 'López', 'Calle de Padilla, 218', 681452796, 78465759, 1),
(94049344, '94049344@aurora.edu', 'Ana', 'Rodríguez', 'Fernández', 'Carrer de Provença, 537', 657239618, 89474112, 1),
(93297149, '93297149@aurora.edu', 'Javier', 'López', 'Martínez', 'Carrer de Vilafranca, 13', 664980325, 52624406, 1),
(70586969, '70586969@aurora.edu', 'María', 'Martínez', 'Sánchez', 'Carrer de Manrique de Lara, 10', 693586142, 73071709, 1),
(85084895, '85084895@aurora.edu', 'David', 'Sánchez', 'González', 'Carrer Entença, 74', 631792864, 92149974, 2),
(83478459, '83478459@aurora.edu', 'Laura', 'González', 'Pérez', 'Carrer de Servet, 65', 674951632, 42204699, 2),
(75868490, '75868490@aurora.edu', 'Juan', 'Pérez', 'Rodríguez', 'Carrer de Venècia, 26', 682367451, 44138662, 2),
(98458048, '98458048@aurora.edu', 'Carmen', 'Fernández', 'Torres', 'Carrer Iradier, 15', 649127583, 75114835, 2),
(86089668, '86089668@aurora.edu', 'Carlos', 'Torres', 'Ramírez', 'Carrer del Cardenal Sentmenat, 35V', 645683129, 13710341, 3),
(78305589, '78305589@aurora.edu', 'Isabel', 'Ramírez', 'Jiménez', 'Carrer de Montevideo, 30', 698243756, 56926627, 3),
(74955860, '74955860@aurora.edu', 'Antonio', 'Jiménez', 'Ruiz', 'Carrer dels Lleons, 13', 616398572, 66995033, 3),
(89458585, '89458585@aurora.edu', 'Cristina', 'Ruiz', 'Morales', 'Carrer de Ateneu, 14', 652741963, 16468941, 3),
(74068960, '74068960@aurora.edu', 'Sergio', 'Morales', 'Medina', 'Carrer dels Pins, 8', 639486127, 78219023, 3),
(86969694, '86969694@aurora.edu', 'Paula', 'Medina', 'Vargas', 'Carrer de les Mimoses, 13', 675862943, 77853981, 4),
(95678686, '95678686@aurora.edu', 'Francisco', 'Vargas', 'Castro', 'Carrer de Rodés, 44', 637684591, 61631451, 4),
(84968600, '84968600@aurora.edu', 'Elena', 'Castro', 'Navarro', 'Carrer de Rodés, 32', 692453167, 92475708, 4),
(75854858, '75854858@aurora.edu', 'Miguel', 'Ortega', 'Bravo', 'Plaça del Mestre Clavé, 10', 668531497, 31363482, 4),
(84608688, '84608688@aurora.edu', 'Raquel', 'Herrera', 'Silva', 'Carrer de Roca i Umbert, 23', 627486513, 32248602, 5),
(84989694, '84989694@aurora.edu', 'Alejandro', 'Silva', 'Cruz', 'Carrer Príncep de Bergara, 15', 665729381, 68427068, 5),
(84857649, '84857649@aurora.edu', 'Lucía', 'Cruz', 'Romero', 'Carrer de Barcelona, 145', 648163952, 60028721, 5),
(94575348, '94575348@aurora.edu', 'Guillermo', 'Romero', 'Morales', 'Avinguda Álvarez de Castro, 40', 675296184, 84056020, 5),
(84758589, '84758589@aurora.edu', 'Patricia', 'Morales', 'Navarro', 'Carrer de Frederic Prats, 54', 693657218, 73239247, 6),
(83759858, '83759858@aurora.edu', 'Andrés', 'Navarro', 'Mendoza', 'Carrer Bellavista, 12', 619264387, 73033401, 6),
(74837474, '74837474@aurora.edu', 'Marta', 'Bravo', 'Durán', 'Passatge de Cels Busquets i Farrés, 23', 687925436, 83877100, 6),
(73758834, '73758834@aurora.edu', 'José', 'Mendoza', 'Carmona', 'Carrer de Marià Fortuny, 58', 626734891, 71004695, 6),
(93757737, '93757737@aurora.edu', 'Beatriz', 'Durán', 'Aguilar', 'Carrer de Baltasar Oriol i Mercer, 28', 691458276, 52985528, 7),
(83759295, '83759295@aurora.edu', 'Francisco', 'Carmona', 'Rivas', 'Carrer de la Llacuna, 17I', 683745162, 96830576, 7),
(73495863, '73495863@aurora.edu', 'Carolina', 'Aguilar', 'Morales', 'Carrer Granada, 4', 654371629, 11522549, 7),
(82658248, '82658248@aurora.edu', 'Manuel', 'Rivas', 'García', 'Via Alegria, 10', 632987641, 39098300, 7),
(83275843, '83275843@aurora.edu', 'Nuria', 'Morales', 'López', 'Passeig del Pitort, 51', 641579836, 54811971, 7);

INSERT INTO ensenyament (matricula,num_SS_prof) VALUES
(72394857, 521472186091),(72394857, 836542603425),(72394857, 372549815129),(72394857, 682791054066),(72394857, 225431875943),
(72394857, 478642902678),(72394857, 906587431275),(72394857, 597310968424),(72394857, 739827501648),(72394857, 165832709746),
(94049344, 521472186091),(94049344, 836542603425),(94049344, 372549815129),(94049344, 682791054066),(94049344, 225431875943),
(94049344, 478642902678),(94049344, 906587431275),(94049344, 597310968424),(94049344, 739827501648),(94049344, 165832709746),
(93297149, 521472186091),(93297149, 836542603425),(93297149, 372549815129),(93297149, 682791054066),(93297149, 225431875943),
(93297149, 478642902678),(93297149, 906587431275),(93297149, 597310968424),(93297149, 739827501648),(93297149, 165832709746),
(70586969, 521472186091),(70586969, 836542603425),(70586969, 372549815129),(70586969, 682791054066),(70586969, 225431875943),
(70586969, 478642902678),(70586969, 906587431275),(70586969, 597310968424),(70586969, 739827501648),(70586969, 165832709746),
(85084895, 521472186091),(85084895, 836542603425),(85084895, 372549815129),(85084895, 682791054066),(85084895, 225431875943),
(85084895, 478642902678),(85084895, 906587431275),(85084895, 597310968424),(85084895, 739827501648),(85084895, 165832709746),
(83478459, 521472186091),(83478459, 836542603425),(83478459, 372549815129),(83478459, 682791054066),(83478459, 225431875943),
(83478459, 478642902678),(83478459, 906587431275),(83478459, 597310968424),(83478459, 739827501648),(83478459, 165832709746),
(75868490, 521472186091),(75868490, 836542603425),(75868490, 372549815129),(75868490, 682791054066),(75868490, 225431875943),
(75868490, 478642902678),(75868490, 906587431275),(75868490, 597310968424),(75868490, 739827501648),(75868490, 165832709746),
(98458048, 521472186091),(98458048, 836542603425),(98458048, 372549815129),(98458048, 682791054066),(98458048, 225431875943),
(98458048, 478642902678),(98458048, 906587431275),(98458048, 597310968424),(98458048, 739827501648),(98458048, 165832709746),
(86089668, 521472186091),(86089668, 836542603425),(86089668, 372549815129),(86089668, 682791054066),(86089668, 225431875943),
(86089668, 478642902678),(86089668, 906587431275),(86089668, 597310968424),(86089668, 739827501648),(86089668, 165832709746),
(78305589, 521472186091),(78305589, 836542603425),(78305589, 372549815129),(78305589, 682791054066),(78305589, 225431875943),
(78305589, 478642902678),(78305589, 906587431275),(78305589, 597310968424),(78305589, 739827501648),(78305589, 165832709746),
(74955860, 521472186091),(74955860, 836542603425),(74955860, 372549815129),(74955860, 682791054066),(74955860, 225431875943),
(74955860, 478642902678),(74955860, 906587431275),(74955860, 597310968424),(74955860, 739827501648),(74955860, 165832709746),
(89458585, 521472186091),(89458585, 836542603425),(89458585, 372549815129),(89458585, 682791054066),(89458585, 225431875943),
(89458585, 478642902678),(89458585, 906587431275),(89458585, 597310968424),(89458585, 739827501648),(89458585, 165832709746),
(74068960, 521472186091),(74068960, 836542603425),(74068960, 372549815129),(74068960, 682791054066),(74068960, 225431875943),
(74068960, 478642902678),(74068960, 906587431275),(74068960, 597310968424),(74068960, 739827501648),(74068960, 165832709746),
(86969694, 521472186091),(86969694, 836542603425),(86969694, 372549815129),(86969694, 682791054066),(86969694, 225431875943),
(86969694, 478642902678),(86969694, 906587431275),(86969694, 597310968424),(86969694, 739827501648),(86969694, 165832709746),
(95678686, 521472186091),(95678686, 836542603425),(95678686, 372549815129),(95678686, 682791054066),(95678686, 225431875943),
(95678686, 478642902678),(95678686, 906587431275),(95678686, 597310968424),(95678686, 739827501648),(95678686, 165832709746),
(84968600, 521472186091),(84968600, 836542603425),(84968600, 372549815129),(84968600, 682791054066),(84968600, 225431875943),
(84968600, 478642902678),(84968600, 906587431275),(84968600, 597310968424),(84968600, 739827501648),(84968600, 165832709746),
(75854858, 521472186091),(75854858, 836542603425),(75854858, 372549815129),(75854858, 682791054066),(75854858, 225431875943),
(75854858, 478642902678),(75854858, 906587431275),(75854858, 597310968424),(75854858, 739827501648),(75854858, 165832709746),
(84608688, 521472186091),(84608688, 836542603425),(84608688, 372549815129),(84608688, 682791054066),(84608688, 225431875943),
(84608688, 478642902678),(84608688, 906587431275),(84608688, 597310968424),(84608688, 739827501648),(84608688, 165832709746),
(84989694, 521472186091),(84989694, 836542603425),(84989694, 372549815129),(84989694, 682791054066),(84989694, 225431875943),
(84989694, 478642902678),(84989694, 906587431275),(84989694, 597310968424),(84989694, 739827501648),(84989694, 165832709746),
(84857649, 521472186091),(84857649, 836542603425),(84857649, 372549815129),(84857649, 682791054066),(84857649, 225431875943),
(84857649, 478642902678),(84857649, 906587431275),(84857649, 597310968424),(84857649, 739827501648),(84857649, 165832709746),
(94575348, 521472186091),(94575348, 836542603425),(94575348, 372549815129),(94575348, 682791054066),(94575348, 225431875943),
(94575348, 478642902678),(94575348, 906587431275),(94575348, 597310968424),(94575348, 739827501648),(94575348, 165832709746),
(84758589, 521472186091),(84758589, 836542603425),(84758589, 372549815129),(84758589, 682791054066),(84758589, 225431875943),
(84758589, 478642902678),(84758589, 906587431275),(84758589, 597310968424),(84758589, 739827501648),(84758589, 165832709746),
(83759858, 521472186091),(83759858, 836542603425),(83759858, 372549815129),(83759858, 682791054066),(83759858, 225431875943),
(83759858, 478642902678),(83759858, 906587431275),(83759858, 597310968424),(83759858, 739827501648),(83759858, 165832709746),
(74837474, 521472186091),(74837474, 836542603425),(74837474, 372549815129),(74837474, 682791054066),(74837474, 225431875943),
(74837474, 478642902678),(74837474, 906587431275),(74837474, 597310968424),(74837474, 739827501648),(74837474, 165832709746),
(73758834, 521472186091),(73758834, 836542603425),(73758834, 372549815129),(73758834, 682791054066),(73758834, 225431875943),
(73758834, 478642902678),(73758834, 906587431275),(73758834, 597310968424),(73758834, 739827501648),(73758834, 165832709746),
(93757737, 521472186091),(93757737, 836542603425),(93757737, 372549815129),(93757737, 682791054066),(93757737, 225431875943),
(93757737, 478642902678),(93757737, 906587431275),(93757737, 597310968424),(93757737, 739827501648),(93757737, 165832709746),
(83759295, 521472186091),(83759295, 836542603425),(83759295, 372549815129),(83759295, 682791054066),(83759295, 225431875943),
(83759295, 478642902678),(83759295, 906587431275),(83759295, 597310968424),(83759295, 739827501648),(83759295, 165832709746),
(73495863, 521472186091),(73495863, 836542603425),(73495863, 372549815129),(73495863, 682791054066),(73495863, 225431875943),
(73495863, 478642902678),(73495863, 906587431275),(73495863, 597310968424),(73495863, 739827501648),(73495863, 165832709746),
(82658248, 521472186091),(82658248, 836542603425),(82658248, 372549815129),(82658248, 682791054066),(82658248, 225431875943),
(82658248, 478642902678),(82658248, 906587431275),(82658248, 597310968424),(82658248, 739827501648),(82658248, 165832709746),
(83275843, 521472186091),(83275843, 836542603425),(83275843, 372549815129),(83275843, 682791054066),(83275843, 225431875943),
(83275843, 478642902678),(83275843, 906587431275),(83275843, 597310968424),(83275843, 739827501648),(83275843, 165832709746);

INSERT INTO alu_materia (matricula,id_materia) VALUES
(72394857,1),(72394857,2),(72394857,3),(72394857,4),
(94049344,1),(94049344,2),(94049344,3),(94049344,4),
(93297149,1),(93297149,2),(93297149,3),(93297149,4),
(70586969,1),(70586969,2),(70586969,3),(70586969,4),
(85084895,5),(85084895,6),(85084895,7),(85084895,8),
(83478459,5),(83478459,6),(83478459,7),(83478459,8),
(75868490,5),(75868490,6),(75868490,7),(75868490,8),
(98458048,5),(98458048,6),(98458048,7),(98458048,8),
(86089668,9),(86089668,10),(86089668,11),(86089668,12),
(78305589,9),(78305589,10),(78305589,11),(78305589,12),
(74955860,9),(74955860,10),(74955860,11),(74955860,12),
(89458585,9),(89458585,10),(89458585,11),(89458585,12),
(74068960,9),(74068960,10),(74068960,11),(74068960,12),
(86969694,13),(86969694,14),(86969694,15),(86969694,16),
(95678686,13),(95678686,14),(95678686,15),(95678686,16),
(84968600,13),(84968600,14),(84968600,15),(84968600,16),
(75854858,13),(75854858,14),(75854858,15),(75854858,16),
(84608688,17),(84608688,18),(84608688,19),(84608688,20),
(84989694,17),(84989694,18),(84989694,19),(84989694,20),
(84857649,17),(84857649,18),(84857649,19),(84857649,20),
(94575348,17),(94575348,18),(94575348,19),(94575348,20),
(84758589,21),(84758589,22),(84758589,23),(84758589,24),
(83759858,21),(83759858,22),(83759858,23),(83759858,24),
(74837474,21),(74837474,22),(74837474,23),(74837474,24),
(73758834,21),(73758834,22),(73758834,23),(73758834,24),
(93757737,25),(93757737,26),(93757737,27),(93757737,28),
(83759295,25),(83759295,26),(83759295,27),(83759295,28),
(73495863,25),(73495863,26),(73495863,27),(73495863,28),
(82658248,25),(82658248,26),(82658248,27),(82658248,28),
(83275843,25),(83275843,26),(83275843,27),(83275843,28);






